Workbook

Sheet Study Info
A1: Lakmaga VR Testing Results
A3: Parameter | B3: Value
A4: Project | B4: Lakmaga: A Gamified VR Educational Platform for Middle School Curriculum in Sri Lanka
A5: Target Group | B5: Middle school students (pilot sample)
A6: Sample Size | B6: 20
A7: Device | B7: Meta Quest 3
A8: Engine | B8: Unity 3D
A9: Session Duration (minutes) | B9: 10
A10: Environment | B10: Ancient Sigiriya village learning environment
A11: Measurement Sources | B11: Pre/post quiz scores, in-app telemetry, structured observation, Unity performance monitor

Sheet Raw Student Data
A1: Raw Student Performance Data (20 Students)
A3: Student ID | B3: Student Name | C3: Grade | D3: Gender | E3: Pre-Test (%) | F3: Post-Test (%) | G3: Classification Accuracy (%) | H3: Food Web Success (%) | I3: Water Task Time (min) | J3: Food Web Time (min) | K3: Hints Used | L3: Completed All Tasks | M3: Improved >=10%? | N3: Improvement %
A4: S01 | B4: Nethmi Perera | C4: 8 | D4: F | E4: 50 | F4: 60 | G4: 94 | H4: 92 | I4: 3.3 | J4: 2.7 | K4: 0 | L4: Yes | M4: =IF(F4-E4>=10,"Yes","No") -> Yes | N4: =F4-E4 -> 10
A5: S02 | B5: Kavindu Jayasinghe | C5: 9 | D5: M | E5: 64 | F5: 74 | G5: 92 | H5: 94 | I5: 2.9 | J5: 2.7 | K5: 1 | L5: Yes | M5: =IF(F5-E5>=10,"Yes","No") -> Yes | N5: =F5-E5 -> 10
A6: S03 | B6: Dinuka Fernando | C6: 8 | D6: M | E6: 48 | F6: 62 | G6: 86 | H6: 98 | I6: 4.1 | J6: 3.4 | K6: 1 | L6: Yes | M6: =IF(F6-E6>=10,"Yes","No") -> Yes | N6: =F6-E6 -> 14
A7: S04 | B7: Sashini Wickramasinghe | C7: 9 | D7: F | E7: 56 | F7: 72 | G7: 96 | H7: 88 | I7: 4.3 | J7: 2.8 | K7: 2 | L7: Yes | M7: =IF(F7-E7>=10,"Yes","No") -> Yes | N7: =F7-E7 -> 16
A8: S05 | B8: Tharindu Senanayake | C8: 10 | D8: M | E8: 52 | F8: 63 | G8: 96 | H8: 92 | I8: 3 | J8: 3.1 | K8: 1 | L8: Yes | M8: =IF(F8-E8>=10,"Yes","No") -> Yes | N8: =F8-E8 -> 11
A9: S06 | B9: Piumi Madushani | C9: 8 | D9: F | E9: 66 | F9: 78 | G9: 96 | H9: 88 | I9: 4.3 | J9: 3.4 | K9: 2 | L9: No | M9: =IF(F9-E9>=10,"Yes","No") -> Yes | N9: =F9-E9 -> 12
A10: S07 | B10: Isuru Lakmal | C10: 9 | D10: M | E10: 56 | F10: 72 | G10: 94 | H10: 96 | I10: 4.6 | J10: 3.1 | K10: 1 | L10: Yes | M10: =IF(F10-E10>=10,"Yes","No") -> Yes | N10: =F10-E10 -> 16
A11: S08 | B11: Chamodi Ranasinghe | C11: 8 | D11: F | E11: 48 | F11: 63 | G11: 86 | H11: 100 | I11: 3.4 | J11: 2.6 | K11: 1 | L11: Yes | M11: =IF(F11-E11>=10,"Yes","No") -> Yes | N11: =F11-E11 -> 15
A12: S09 | B12: Ravindu Ekanayake | C12: 10 | D12: M | E12: 60 | F12: 66 | G12: 90 | H12: 98 | I12: 4.5 | J12: 2.8 | K12: 1 | L12: Yes | M12: =IF(F12-E12>=10,"Yes","No") -> No | N12: =F12-E12 -> 6
A13: S10 | B13: Hiruni Samarakoon | C13: 9 | D13: F | E13: 56 | F13: 65 | G13: 94 | H13: 98 | I13: 2.9 | J13: 3.6 | K13: 2 | L13: Yes | M13: =IF(F13-E13>=10,"Yes","No") -> No | N13: =F13-E13 -> 9
A14: S11 | B14: Madhava Peiris | C14: 8 | D14: M | E14: 52 | F14: 59 | G14: 90 | H14: 92 | I14: 4.8 | J14: 3.6 | K14: 2 | L14: Yes | M14: =IF(F14-E14>=10,"Yes","No") -> No | N14: =F14-E14 -> 7
A15: S12 | B15: Nisansala Gunawardena | C15: 9 | D15: F | E15: 58 | F15: 62 | G15: 86 | H15: 100 | I15: 2.9 | J15: 3 | K15: 1 | L15: No | M15: =IF(F15-E15>=10,"Yes","No") -> No | N15: =F15-E15 -> 4
... A23: S20 | B23: Malsha Jayawardene | C23: 8 | D23: F | E23: 64 | F23: 68 | G23: 96 | H23: 98 | I23: 3.4 | J23: 3.6 | K23: 2 | L23: Yes | M23: =IF(F23-E23>=10,"Yes","No") -> No | N23: =F23-E23 -> 4
A25: Measurement notes: Pre-Test and Post-Test are 100-point equivalent quiz scores collected before and after the VR session. Classification Accuracy reflects correct identification of ecosystem components inside the VR task. Food Web Success reflects correct ordering of organisms and energy flow construction. Hints Used counts system prompts triggered by the learner.

Sheet Raw FPS Data
A1: Raw Technical Telemetry: Frame Rate Log
A3: Timestamp (sec) | B3: FPS | C3: App State | D3: Notes
A4: 0 | B4: 72 | C4: Scene Load / Intro | D4: Stable performance
A5: 5 | B5: 71 | C5: Scene Load / Intro | D5: Stable performance
A6: 10 | B6: 72 | C6: Scene Load / Intro | D6: Stable performance
A7: 15 | B7: 72 | C7: Water Task | D7: Stable performance
A8: 20 | B8: 73 | C8: Water Task | D8: Stable performance
A9: 25 | B9: 72 | C9: Water Task | D9: Stable performance
A10: 30 | B10: 72 | C10: Water Task | D10: Stable performance
A11: 35 | B11: 71 | C11: Water Task | D11: Stable performance
A12: 40 | B12: 72 | C12: Water Task | D12: Stable performance
A13: 45 | B13: 72 | C13: Food Web Task | D13: Stable performance
A14: 50 | B14: 73 | C14: Food Web Task | D14: Stable performance
A15: 55 | B15: 72 | C15: Food Web Task | D15: Stable performance
... A27: 115 | B27: 72 | C27: Free Exploration / Exit | D27: Stable performance
A30: Measurement method: FPS captured from Unity performance monitor during an active simulation session on Meta Quest 3. Values represent periodic samples across a full learning session.

Sheet Raw Observation Data
A1: Raw Observation and Usability Ratings
A3: Student ID | B3: Engagement Rating (1-5) | C3: Motivation Rating (1-5) | D3: Ease of Navigation (1-5) | E3: Needed Teacher Help? | F3: Peer Discussion Observed? | G3: Curiosity Observed? | H3: Motion Discomfort? | I3: Comments
A4: S01 | B4: 5 | C4: 5 | D4: 4 | E4: No | F4: Yes | G4: High | H4: No | I4: Strong interest in exploring tasks
A5: S02 | B5: 4 | C5: 4 | D5: 4 | E5: Yes | F5: Yes | G5: Moderate | H5: No | I5: Completed tasks with steady focus
A6: S03 | B6: 5 | C6: 5 | D6: 5 | E6: No | F6: No | G6: High | H6: No | I6: Strong interest in exploring tasks
A7: S04 | B7: 4 | C7: 4 | D7: 4 | E7: No | F7: Yes | G7: Moderate | H7: No | I7: Completed tasks with steady focus
A8: S05 | B8: 5 | C8: 5 | D8: 4 | E8: No | F8: Yes | G8: High | H8: No | I8: Strong interest in exploring tasks
A9: S06 | B9: 4 | C9: 4 | D9: 3 | E9: Yes | F9: No | G9: Moderate | H9: Mild | I9: Completed tasks with steady focus
A10: S07 | B10: 4 | C10: 4 | D10: 4 | E10: No | F10: No | G10: Moderate | H10: No | I10: Completed tasks with steady focus
A11: S08 | B11: 5 | C11: 5 | D11: 4 | E11: No | F11: Yes | G11: High | H11: No | I11: Strong interest in exploring tasks
A12: S09 | B12: 5 | C12: 5 | D12: 5 | E12: No | F12: Yes | G12: High | H12: No | I12: Strong interest in exploring tasks
A13: S10 | B13: 4 | C13: 4 | D13: 4 | E13: No | F13: Yes | G13: Moderate | H13: No | I13: Completed tasks with steady focus
A14: S11 | B14: 4 | C14: 4 | D14: 3 | E14: Yes | F14: No | G14: Moderate | H14: No | I14: Completed tasks with steady focus
A15: S12 | B15: 5 | C15: 5 | D15: 4 | E15: No | F15: Yes | G15: High | H15: No | I15: Strong interest in exploring tasks
... A23: S20 | B23: 5 | C23: 5 | D23: 4 | E23: No | F23: Yes | G23: High | H23: No | I23: Strong interest in exploring tasks

Sheet Calculations
A1: Formula-Based Calculations
A3: Metric | B3: Formula Output | D3: Key Proof | E3: Formula / Logic | F3: Source Sheet | G3: Purpose
A4: Average Post-Test Score | B4: =AVERAGE('Raw Student Data'!F4:F23) -> 65.55 | D4: Improvement flag | E4: =IF(Post-Test - Pre-Test >= 10, "Yes", "No") | F4: Raw Student Data | G4: Shows how improved students are counted
A5: Average Learning Gain (points) | B5: =AVERAGE('Raw Student Data'!N4:N23) -> 9.15 | D5: Improvement % | E5: =COUNTIF(Improved Flag, "Yes") / Total Students * 100 | F5: Calculations | G5: Supports memory/learning improvement claim
A6: Students Improved >=10% (count) | B6: =COUNTIF('Raw Student Data'!M4:M23,"Yes") -> 8 | D6: Average FPS | E6: =AVERAGE(FPS samples) | F6: Raw FPS Data | G6: Supports technical performance claim
A7: Students Improved >=10% (%) | B7: =COUNTIF('Raw Student Data'!M4:M23,"Yes")/COUNTA('Raw Student Data'!A4:A23)*100 -> 40 | D7: Engagement % | E7: =AVERAGE(Engagement ratings) / 5 * 100 | F7: Raw Observation Data | G7: Supports engagement claim
A8: Average Classification Accuracy (%) | B8: =AVERAGE('Raw Student Data'!G4:G23) -> 90.5
A9: Average Food Web Success (%) | B9: =AVERAGE('Raw Student Data'!H4:H23) -> 95.2
A10: Average Water Task Time (min) | B10: =AVERAGE('Raw Student Data'!I4:I23) -> 3.775
A11: Average Food Web Time (min) | B11: =AVERAGE('Raw Student Data'!J4:J23) -> 3.14
A12: Task Completion Rate (%) | B12: =COUNTIF('Raw Student Data'!L4:L23,"Yes")/COUNTA('Raw Student Data'!A4:A23)*100 -> 80
A13: Average Hints Used | B13: =AVERAGE('Raw Student Data'!K4:K23) -> 1.4
A14: Average Engagement Rating | B14: =AVERAGE('Raw Observation Data'!B4:B23) -> 4.5
A15: Average Motivation Rating | B15: =AVERAGE('Raw Observation Data'!C4:C23) -> 4.5
A16: Average Navigation Rating | B16: =AVERAGE('Raw Observation Data'!D4:D23) -> 4.1
A17: Peer Discussion Observed (%) | B17: =COUNTIF('Raw Observation Data'!F4:F23,"Yes")/COUNTA('Raw Observation Data'!A4:A23)*100 -> 65
A18: Teacher Help Needed (%) | B18: =COUNTIF('Raw Observation Data'!E4:E23,"Yes")/COUNTA('Raw Observation Data'!A4:A23)*100 -> 20
A19: Average FPS | B19: =AVERAGE('Raw FPS Data'!B4:B27) -> 72
A20: Minimum FPS | B20: =MIN('Raw FPS Data'!B4:B27) -> 71
A21: Maximum FPS | B21: =MAX('Raw FPS Data'!B4:B27) -> 73
A22: FPS Stability Range | B22: =B20-B19 -> -1
A23: System Usability (%) | B23: =AVERAGE('Raw Observation Data'!D4:D23)/5*100 -> 82
A24: Student Engagement (%) | B24: =AVERAGE('Raw Observation Data'!B4:B23)/5*100 -> 90
A25: Task Performance (%) | B25: =AVERAGE(B8,B9,B12) -> 88.566667
A26: Learning Effectiveness (%) | B26: =AVERAGE(B4,B8,B9) -> 83.75
A27: Technical Performance (%) | B27: =B20/72*100 -> 98.611111

Sheet Final Results
A1: Final Results for Paper Tables and Graphs
A3: Overall Evaluation Metric | B3: Value (%) | D3: Evaluation Metric | E3: Measured Outcome | F3: Source
A4: Learning Effectiveness | B4: =Calculations!B26 -> 83.75 | D4: Component Identification Accuracy | E4: =Calculations!B8 -> 90.5 | F4: Raw Student Data
A5: Student Engagement | B5: =Calculations!B24 -> 90 | D5: Hardware Frame Rate Stability (FPS) | E5: =Calculations!B19 -> 72 | F5: Raw FPS Data
A6: Task Performance | B6: =Calculations!B25 -> 88.566667 | D6: Students Improved >=10% (%) | E6: =Calculations!B7 -> 40 | F6: Raw Student Data
A7: System Usability | B7: =Calculations!B23 -> 82 | D7: Food Web Construction Proficiency (%) | E7: =Calculations!B9 -> 95.2 | F7: Raw Student Data
A8: Technical Performance | B8: =Calculations!B27 -> 98.611111
A11: Student Performance Metric | B11: Value | C11: Unit | D11: Observation Metric | E11: Value | F11: Unit
A12: Average Classification Accuracy | B12: =Calculations!B8 -> 90.5 | C12: % | D12: Average Engagement | E12: =Calculations!B14 -> 4.5 | F12: /5
A13: Average Food Web Success | B13: =Calculations!B9 -> 95.2 | C13: % | D13: Average Motivation | E13: =Calculations!B15 -> 4.5 | F13: /5
A14: Task Completion Rate | B14: =Calculations!B12 -> 80 | C14: % | D14: Average Navigation | E14: =Calculations!B16 -> 4.1 | F14: /5
D15: Peer Discussion Observed | E15: =Calculations!B17 -> 65 | F15: %
D16: Teacher Help Needed | E16: =Calculations!B18 -> 20 | F16: %
